id,subreddit,submission_id,score,comment_body
lsvnc2y,reddevils,1g84ky1,0.9,">*‚ÄúDo you know who the worst one was? Park Ji-sung. He was a nightmare! He was unbelievable. He just used to come up to me, look at me and not say a word, stand right next to me‚Ä¶ 'Oh Jesus, here we go!' 'Just say something to me, have a laugh with me!'  But he was unbelievable at it. He just used to come and stare right into my face, stare right into my eyes, ‚ÄòYou‚Äôre not getting a kick today.'‚Äù*    

&nbsp; - Paul Scholes


>*‚ÄúYour job today is not about touching the ball, it‚Äôs not about making passes, your job is Pirlo. That‚Äôs all. Pirlo.""*    

&nbsp; - Sir Alex Ferguson


>*‚Äú[Sir Alex] is a man without blemish, but he ruined that purity just for a moment when it came to me.  A fleeting shabbiness came over the legend that night. At Milan, he unleashed Park Ji-sung to shadow me.  [Park] rushed about at the speed of an electron. He‚Äôd fling himself at me, his hands all over my back, trying to intimidate me.  He‚Äôd look at the ball and not know what it was for. They‚Äôd programmed him to stop me. His devotion to the task was almost touching. Even though he was a famous player, he consented to being used as a guard dog.""*

&nbsp; - Andrea Pirlo


>*""I‚Äôm sure Pirlo woke up the next morning, looked at the bottom of his bed and expected to see Ji-sung Park there.  He was that good.‚Äù*

&nbsp; - Rio Ferdinand


>*""Sir Alex Ferguson made me man-mark Pirlo...When he had the ball, I tried to prevent him passing the ball in front of him. To mark Pirlo was not easy. It was hard - mentally and physically - but consequently, Milan had a difficult game against us.""*

&nbsp; - Park Ji-sung ‚ù§Ô∏è"
lsvkldx,reddevils,1g84ky1,-0.5,"He was sat on the row behind him on the flight, he's been marking Pirlo for months and he's not even realised"
lsvl0dx,reddevils,1g84ky1,0,"Fergie never told Ji to stop, I heard Ji was there at Pirlos children‚Äôs birthing room."
lsvldav,reddevils,1g84ky1,0.5,Heard Ji parked his car next to Andreas when he arrived üòÜ
lsvkhrb,reddevils,1g84ky1,-0.1,"Pirlo was a right salty prick about Ji when he was asked a question about him later in his career.

Glad to see somethings never change."
lsw55ki,reddevils,1g84ky1,0.5,What is this from? Tevez at the front and Kaka at the back ü§Ø
lsvvjf6,reddevils,1g84ky1,0.4,I remember an old SAF interview where he said one of his mistakes was in the 2011 CL Final; not playing Park to mark Messi. Otherwise we may have won. I personally don't think so because that Barca team was monstrous. But thoughts?
lsvpo0f,reddevils,1g84ky1,0.6,This is actually so funny
lsvqcw0,reddevils,1g84ky1,0.5,"Evans still in the starting XI!!  Fletcher, Valencia, park, Johnny proper role players put in a tidy hardworking shift wo a fuss."
lsvl7hr,reddevils,1g84ky1,0.9,Absolute class player
lspcuif,reddevils,1g7ccji,-0.5,head knock caused him to regain consciousness as Ajax De Ligt
lspcrue,reddevils,1g7ccji,1,"Having De Ligt, Martinez and Yoro in this defence long term is key üî•"
lspcgy7,reddevils,1g7ccji,0,![gif](giphy|wuhqofLYFGMrJ06eLg|downsized)
lsphrrq,reddevils,1g7ccji,0.7,"Has anyone seen this clip of his reaction when Brentford scored? I love his passion

[https://x.com/MenInBlazers/status/1847661070564888900](https://x.com/MenInBlazers/status/1847661070564888900)"
lspcz1r,reddevils,1g7ccji,0.7,"Such a warrior üí™

https://preview.redd.it/uqvyk9b9nqvd1.jpeg?width=1070&format=pjpg&auto=webp&s=0438d7e259804be0599f729ed62109429b666534"
lspcity,reddevils,1g7ccji,1,He was bloody brilliant.
lspd0wk,reddevils,1g7ccji,-0.5,"Weird how Bayern fans considered him to be the best CB at the club. They signed a petition to keep him. But apparently for Scholes it wasn‚Äôt an upgrade. For the money we paid for De Ligt, it was a steal"
lspdg39,reddevils,1g7ccji,0.6,"Not saying he is at the same level yet, but the bloody head and warrior-like performance evoked memories of Vidic."
lspes6j,reddevils,1g7ccji,0.25,He bleeds Red....
ls2di33,reddevils,1g4cch0,0.6,Somehow the least dramatic and most legible Cantona statement.
ls2fc9b,reddevils,1g4cch0,0,Has Ferguson voiced any opinion of it?
ls2cdwf,reddevils,1g4cch0,-0.5,Can‚Äôt have one normal day at this club can we?
ls2ggpe,reddevils,1g4cch0,0.7,"Whether you‚Äôre paying him or not SAF will always be our ambassador, he is the personification of what this club should be. No fan of ManUtd or any club will ever look at him and not think Manchester United and vice versa."
ls2b329,reddevils,1g4cch0,0.2,Oof. Some people are not happy. Can‚Äôt say I‚Äôm ecstatic but I do think it‚Äôs good that we save money and he is still clearly going to be a legend forever
ls2bwfm,reddevils,1g4cch0,-0.5,"It‚Äôs really not that deep, ffs. Maybe we can just accept that Fergie was the greatest thing to happen to United post-Busby - probably ever - and that he should not be on a multi-million pound role at the club 10 years after retiring?"
ls3qqf2,reddevils,1g4cch0,0.3,"Do Ineos not have PR people?

You get ahead of stuff like this and put out a story first ""SAF mutually agrees to forfeit his 2m a year salary to help the club meet PSR rules"". 

You don't just let it leak and be framed by the media as a soulless corporation sacking the club's biggest legend."
ls2blgk,reddevils,1g4cch0,-0.9,Who needs media constantly on our backs when we have a dozen of ex players who are ready to shit on us and stir up drama at every opportunity
ls2looy,reddevils,1g4cch0,-0.6,"Whatever the thoughts about the removal of his salary, INEOS seem absolutely abysmal at PR. Remove his salary, sure, but keep the title or invent some other role for him. It might all be a placebo, but INEOS were positioning themselves as a fan led enterprise who were going bring the soul back to the club after years of Glazer bloodsucking. It feels like completely the opposite thus far."
ls2eoq5,reddevils,1g4cch0,0.5,The one true Ericüëë
lqosuhu,reddevils,1fxshg3,0.6,"Good for him.

That‚Äôs actually a pretty brilliant caption too btw."
lqotuik,reddevils,1fxshg3,-0.5,Will always have a soft spot for Dave. Still annoyed at the way we handled his departure..
lqov2tm,reddevils,1fxshg3,0.8,"Legend! He saved us so many times, at his peak there wasn‚Äôt a better shot-stopper in the world."
lqovq8d,reddevils,1fxshg3,0.5,Closed on Sundays still going strong.
lqosmmw,reddevils,1fxshg3,0.8,Legend.
lqouizf,reddevils,1fxshg3,0.9,There were a few seasons where he single handedly carried us. The best shot stopper I've seen in my 20 years of watching football.
lqp3e2t,reddevils,1fxshg3,0.9,"Best Man Utd player of the last ten years or so in my opinion. Can‚Äôt believe he has 150 or so clean sheets with a defence that was perpetually in shambles. Super super underrated. One begins to imagine the kind of career he could have had at a competent career. 

Just a little stat for comparison. Ederson in his prem career has averaged 1.67 saves per game, De Gea in his 415 matches has averaged 2.80 saves. Just goes to show.

Petr Cech with more matches has less saves than De Gea. 

Of all the players who got ‚Äòwasted‚Äô at Man Utd over years, I feel the most for De Gea. Man put in performance after performance and saved some of the clearest goals I had ever seen. 

He was genuinely one of the best goalkeepers in the world for that period. Salute David. You shall be remembered."
lqow5fw,reddevils,1fxshg3,1,He was excellent today. Took a pretty sweet hit from Pulisic to deny him his clean sheet. Glad he‚Äôs playing again.
lqp3y14,reddevils,1fxshg3,0.9,"From what little I‚Äôve seen he‚Äôs adjusted well to life at Fiorentina. Had been their savior for quite a few games too

And he‚Äôs just saved two penalties in one game, lol. Happy for him now"
lqos9la,reddevils,1fxshg3,0.9,We miss you Dave ‚ù§Ô∏è
lu5sz26,reddevils,1gdzz5u,-0.5,holy fuck I never thought they would do it
lu5szry,reddevils,1gdzz5u,1,"Sheesh! I am always gutted when we have to sack a manager. But it was coming and deserved. Thanks for the cups, and those euphoric wins against City, Liverpool, and Bar√ßa. Good on the club for not delaying it any longer."
lu5tf7n,reddevils,1gdzz5u,-0.5,He heh'd his last heh.
lu5tlvh,reddevils,1gdzz5u,-0.6,"Goodbye Erik. Thanks for the Barca kicking, 3rd place finish, and most importantly the 2 trophies, with one of them against City in the final

I know that it's the right decision, but fuck me I'm always sad to hear this. Wished it worked out for the both of us"
lu5t51s,reddevils,1gdzz5u,0.5,Xavi definitely knew what he was doing yesterday lol
lu5tetg,reddevils,1gdzz5u,0.6,"It might not have worked out and ended up in smoke. But thank you for ending our trophy drought and bringing us home two cups, Baldy. All the best wherever you go to next, heh  


https://preview.redd.it/xh8nmroqjhxd1.png?width=1280&format=png&auto=webp&s=2d78ee182329bc2a7d91776d5038cb9a08629e5e"
lu5tfsf,reddevils,1gdzz5u,0.5,"I really though he was the right person when we signed him!   
It just never worked out and is the right call, but what a disappointment that we are here again. 

Impressive we won two trophies! 

Thanks Erik. All the best in the future!"
lu5sxh1,reddevils,1gdzz5u,0.2,"Thanks for the two trophies Erik.

I think Xavi will be bought in now."
lu5sy4h,reddevils,1gdzz5u,0.2,Orny with the death blow!
lu5tk2j,reddevils,1gdzz5u,-0.75,I've wanted him sacked for a while now but this just feels so depressing. Had so much hope after his appointment plus his first season.
lrfbc49,LiverpoolFC,1g1ceat,0.7,"2x Carabao Cup üèÜüèÜ
1x Premier League üèÜ
1x Champions League üèÜ
1x FA Cup üèÜ
1x UEFA Super Cup üèÜ
1x Community Shield üèÜ

Man of the Match in the 2019 Champions League final, with an assist to boot. üòÆ‚Äçüí®"
lrfbobi,LiverpoolFC,1g1ceat,0.75,that goal vs leeds ü•π our favourite adventurous giraffe
lrg1u2k,LiverpoolFC,1g1ceat,-0.7,"The mad cunt didn‚Äôt even announce his retirement. We only found this out because Hamburg tried to sign him and his agent said he‚Äôs not a player anymore. 

Classic, Joel."
lrfdra9,LiverpoolFC,1g1ceat,0.9,"https://preview.redd.it/zzsr5hgdd5ud1.jpeg?width=1170&format=pjpg&auto=webp&s=4a8f4ea2158dcc46390a06b518572f3b7304fcc6

Wish i could hold him like this to thank him for everything"
lrfb6f7,LiverpoolFC,1g1ceat,0.2,"Footballer.

Giraffe.

King."
lrffz7f,LiverpoolFC,1g1ceat,0,https://preview.redd.it/vp380bomf5ud1.jpeg?width=859&format=pjpg&auto=webp&s=69f2fe3167c214f4fb007bb767070883bb4debba
lrfe4n7,LiverpoolFC,1g1ceat,1,I used to love when he‚Äôd take the ball and drive forward like a mad fucking giraffe.  Unstoppable.   Love the guy.
lrfbjtt,LiverpoolFC,1g1ceat,0,![gif](giphy|bhPbeR71ttD3iIwWX4|downsized)
lrfe0mh,LiverpoolFC,1g1ceat,0,![gif](giphy|wPGHrR1uIZb0pvaJXv|downsized)
lrfitox,LiverpoolFC,1g1ceat,1,"He‚Äôs came from Schalke with 0 trophies to become one of the best partner with VVD and won all the trophies in hardest league. Will never forget his solo runs, man had a balls made of steel. Thank you Matip."
lqwr4c0,LiverpoolFC,1fyucha,1,"Love the fact he stuck to his word that he would leave the club in the best position possible when he left. 
Left us with a squad that can still compete for everything, forever thankful for Jurgen"
lqwsxpw,LiverpoolFC,1fyucha,0.6,"The day he left, he looked better. The job really took its toll on him. For that I would give him endless thanks."
lqwp423,LiverpoolFC,1fyucha,0.5,# #InKloppWeTrust
lqwwi5i,LiverpoolFC,1fyucha,1,"https://preview.redd.it/jd6v9sqa2itd1.jpeg?width=3024&format=pjpg&auto=webp&s=369884aba9e316c753e739b6f4b76296c7ad63d2

I visited klopp museum at anfield last weekend. It was emotional! Bless that man"
lqwwdzv,LiverpoolFC,1fyucha,0,https://preview.redd.it/qwcatr952itd1.jpeg?width=1080&format=pjpg&auto=webp&s=c4231f330c897e4a5cf9ffa989980ca64ca158cc
lqwrlfa,LiverpoolFC,1fyucha,1,I am so glad Jurgen is a red
lqwvp1s,LiverpoolFC,1fyucha,0,![gif](giphy|WV3if1rJykgbku0zq1)
lqwqhna,LiverpoolFC,1fyucha,0.5,YNWA Jurgen
lqwvfgd,LiverpoolFC,1fyucha,0.5,I miss Kloppo but I love Slot too. We're blessed with our managers
lqwzv9l,LiverpoolFC,1fyucha,1,"Never connected with a manager of our club as much. Probably never will again in my lifetime. His personality, his values, culture, his humour, his aura - everything just fully aligned with everything that our club is about and stands for. Always seemed to say the right things in the right moments, never afraid to say what he thought, criticised when he needed to, stood up for the club, the players, the fans when he needed to and showed passion and empathy by the bucket load. Special, special man. Genuinely forever greatful."
lsvgkt0,LiverpoolFC,1g84by8,-0.5,Slot was actually gonna fight the ref at full time but someone stopped him üò≠üò≠
lsvgj6g,LiverpoolFC,1g84by8,0.6,The reactions from him and Slot are everything
lsvgr4v,LiverpoolFC,1g84by8,-0.9,Ref had a lot of bad calls today but this might be the worst. So clearly not a foul and in a dangerous place for us as well. Just so so bad
lsvhlbq,LiverpoolFC,1g84by8,0,![gif](giphy|wPGHrR1uIZb0pvaJXv|downsized)
lsvgwr4,LiverpoolFC,1g84by8,-0.5,It felt like the ref wanted Chelsea to have a late equaliser.
lsvh29n,LiverpoolFC,1g84by8,0.2,"All I‚Äôm saying is if Slot was on the verge of losing composure you know something‚Äôs up. 100% we‚Äôre losing Klopp for 9 games if he was still manager there, he‚Äôs sprinting full force at him, teeth grinding, glasses falling off, rage in his eyes and everything.

I‚Äôm honestly proud of Nunez for not snapping, I thought for sure he‚Äôs gonna flip."
lsvgi9k,LiverpoolFC,1g84by8,-0.9,How can you possibly give that
lsvgihq,LiverpoolFC,1g84by8,-1,Absolute fucking joke.
lsvglv6,LiverpoolFC,1g84by8,-1,A truly shit ref decision in a match full of shit ref decisions
lsvh1c9,LiverpoolFC,1g84by8,0.5,I love that Slot and Darwin had the same exact reaction.
lu1sbdq,LiverpoolFC,1gdhrzr,1,"He should get motm imo. Absolute rock at the back, he had a much better game than vvd too, and that when he also has to cover for trent on that right side at times."
lu1sx2d,LiverpoolFC,1gdhrzr,-0.6,I feel bad for Quansah cause 1 mistake usually doesn‚Äôt lose your spot but Konate saw that and said ‚Äúfuck you kid‚Äù and never let him even have a chance to take it back lol
lu1sp2z,LiverpoolFC,1gdhrzr,0.9,We probably lose that game without his performance. Absolutely outstanding - him and Nunez were my favourites from today.
lu1s50d,LiverpoolFC,1gdhrzr,-0.5,Absolutely bossed it. Martinelli literally ran away from him the whole time
lu1s2vf,LiverpoolFC,1gdhrzr,-0.5,Trent doesn‚Äôt help him at all
lu1sduy,LiverpoolFC,1gdhrzr,-0.5,"Saved Trent billion times. Before that pass, Trent was the worst player on the field"
lu1s6q8,LiverpoolFC,1gdhrzr,0.9,Been amazing all season. Running Virg close for POTY imo.
lu1smo0,LiverpoolFC,1gdhrzr,-0.6,The only reason we didn't get fucked most of the time on the right today was because of this gentle monster.
lu1s6e0,LiverpoolFC,1gdhrzr,0.9,He is amazing EVERYDAY
lu1tb6v,LiverpoolFC,1gdhrzr,0.5,"That bit where he zoomed past Trent to make a tackle ... I mean, he gave him a two yard start. Making our future Ballon D'Or winner look silly."
lqgigkm,LiverpoolFC,1fwr1b1,0.9,"Endo has taken over Milner‚Äôs role as ‚ÄúThe Closer.‚Äù  He‚Äôs brought in to shut things down, clean things up, finish the job, and shut the doors behind him. Great job today"
lqggipw,LiverpoolFC,1fwr1b1,-0.5,His handball was a work of art. He's an understated shithouse.
lqgi48z,LiverpoolFC,1fwr1b1,0.6,Was it Endo who went in with a hard tackle? I fist pumped in my living room seeing that
lqgh0ey,LiverpoolFC,1fwr1b1,0.5,Saw the clip of him bossing Citeh last season and benching KdB‚Äôs ass. Forgot how big of a cult hero he was
lqgk7i1,LiverpoolFC,1fwr1b1,0.9,"The recent negativity surrounding Endo just shows how short term the memory of a lot of football fans is.

He was literally one of our best players once establishing himself in the team last season. In his first season. In a new club. In a new country. In his 30s. With everyone initially doubting his signing.

What a player. One of my favs, largely for all of the odds he has to constantly overcome."
lqggks7,LiverpoolFC,1fwr1b1,0.9,"He was great when he came on, added a little bit of calm that we really needed. Appreciated his run to the corner flag and him swatting it with his hand for a throw over a goal kick"
lqggrsh,LiverpoolFC,1fwr1b1,0.6,He will get plenty of gametime when we get into the crunch season and players are injured/fatigued all over the shop. Solid player even if he's not in our best 11.
lqgiklf,LiverpoolFC,1fwr1b1,0.6,"Would have preferred him on a little longer, but o think he has a role to play this year. He‚Äôs our only destroyer type player we have and has a tidy pass on him"
lqgs43w,LiverpoolFC,1fwr1b1,0.5,I wish Slot trusted him more. We looked so much more stable in the midfield when he came on.
lqghpx1,LiverpoolFC,1fwr1b1,0.9,"He‚Äôs class and I hope to see more of him, which I think we will."
lravsr5,chelseafc,1g0r7dk,0,How many champions league Trophies Zlatan?
lrax630,chelseafc,1g0r7dk,-0.9,"![gif](giphy|7NIucnGmJii0xVYqbS)

Something you‚Äôll never have Ibra you bell end."
lravpcj,chelseafc,1g0r7dk,1,Beautiful stuff JT!
lrawf0s,chelseafc,1g0r7dk,-0.5,Ibra try not to say something corny challenge (impossible)
lrb2pfh,chelseafc,1g0r7dk,-0.6,"![gif](giphy|XEdgJpPEZPDqI2HVm3|downsized)

Something Chelsea have done twice and Ibra has never been a part of‚Ä¶"
lrav6uu,chelseafc,1g0r7dk,0,![gif](giphy|9uoYC7cjcU6w8|downsized)
lrav6xy,chelseafc,1g0r7dk,-0.9,Thundercunt üíô
lravust,chelseafc,1g0r7dk,0.7,Congrats on all your really challenging French trophies
lrb06dw,chelseafc,1g0r7dk,0.5,"When JT speaks, we listen. Captain is right. Drogba is and will always be üëë."
lrb10bk,chelseafc,1g0r7dk,-0.8,"Then he went to United to win what? lmao. Bro couldn‚Äôt cut it in the Prem, even late 30s Ronaldo did better."
lpitvud,chelseafc,1fs9t4e,0.6,"https://preview.redd.it/xe1xbb15csrd1.jpeg?width=1290&format=pjpg&auto=webp&s=e59000d6e924ac2e3c805167e8f4886c2325faea

Sancho retweeted ü§£ü§£ü§£"
lpisrti,chelseafc,1fs9t4e,0.5,Werner spared them from a 6-0 spanking
lpisw6b,chelseafc,1fs9t4e,-0.5,"Sancho has 3 goal conts.
United have 5 goals as a whole ü§£"
lpiu982,chelseafc,1fs9t4e,0.5,"Goated banter, W admin"
lpix5rx,chelseafc,1fs9t4e,1,"One's  a United fan and a Chelsea player. The other's a Chelsea fan and a United player. 

Both are cooking for us üíôüíô"
lpis2vi,chelseafc,1fs9t4e,-0.6,Sancho has done more for us in 5 games than Mount has for Man Utd in over a season üòÇ albeit the injury to Mount but this is levels bro. Mount should be arrested for wage theft üòÇ
lpis8em,chelseafc,1fs9t4e,-1,Kick em while they‚Äôre down
lpiumx5,chelseafc,1fs9t4e,0.5,Sancho retweet this made it more hilarious
lpiv5sz,chelseafc,1fs9t4e,-0.5,Sancho just reposted it tooüòÇüòÇ
lpj0zf0,chelseafc,1fs9t4e,-0.5,"Mount and ugarte could've been in our midfield üò≠

Caicedos price tag doesn't look that awful anymore"
lqcc6io,chelseafc,1fw6h5s,-0.5,Here in freedom land that would set you back a easy $3000
lqcdu6i,chelseafc,1fw6h5s,-0.6,"Everyone saying how cheap these tickets are, remember that it is the conference league. You‚Äôre not getting a ticket to a premier league game for anything less than double and likely not at all."
lqccd8a,chelseafc,1fw6h5s,0.6,"Mind blowing as an American, what a deal...my MLS team would charge for $150 for those seats ü´†"
lqcdcgi,chelseafc,1fw6h5s,-0.5,And they try to charge us like $200 for preseason tours
lqce9da,chelseafc,1fw6h5s,-0.4,Yanks can‚Äôt understand cheap ticket prices eh
lqcguqk,chelseafc,1fw6h5s,-0.5,I can't even get tickets at any price there always sold out.
lqchvqt,chelseafc,1fw6h5s,-0.5,How many Americans are in this sub god damn???
lqdm7s4,chelseafc,1fw6h5s,0.2,"https://preview.redd.it/h1d4zzthntsd1.jpeg?width=1150&format=pjpg&auto=webp&s=b791983d75830693536d509b5529631987990229

Edit for you"
lqcc692,chelseafc,1fw6h5s,0.2,how so cheap?
lqcf28y,chelseafc,1fw6h5s,-0.5,Being a Toronto sports fan makes me so jealous sometimes
lprs6lh,chelseafc,1ftgjnv,0.9,This has got to be one of the biggest upgrades in world football.
lprsr44,chelseafc,1ftgjnv,0.2,"I dont care about mount, but imagine seeing all this unfold after he leaves, lol i cant even imagine what Tony must be thinking‚Ä¶Thanks tony feels like home doesnt it mate"
lprtjbp,chelseafc,1ftgjnv,-0.5,"we sold mount and havertz for like 100 mil at least, and got palmer for 40 million. and rival fans are wondering if we ‚Äúregret it‚Äù."
lprtmrj,chelseafc,1ftgjnv,0.2,"Goals at Old Trafford Palmer- 1, Mount- 0."
lprzhrm,chelseafc,1ftgjnv,-0.5,We were starving in the Mount days. He had flashes of brilliance but nothing even remotely close to Palmer‚Äôs level.
lprs6ay,chelseafc,1ftgjnv,-0.5,Cole Palmer is a fucking monster. I knew City fucked up when they let him go but i wasn't expecting him to become top 5 in the world.
lprx4mq,chelseafc,1ftgjnv,0.2,"Not just him. Palmer replaced Mount, Werner and Havertz."
lprru4e,chelseafc,1ftgjnv,0.5,We got rid of the terror twins for 100+M üòÇ
lpsbrvx,chelseafc,1ftgjnv,0.5,The way this sub lost their head when he was sold in 2023 was actually crazy. Clearlake saved us from him scamming a 300k p/w 5 year deal because he loves the club.
lprsgsr,chelseafc,1ftgjnv,-0.7,Good lord he's not only his father but his grandfather too
lqmjg7d,chelseafc,1fxilfi,-0.9,Very annoying that Sels saved like 3 goals that should‚Äôve went in
lqmje6f,chelseafc,1fxilfi,0.75,Those saves at the end were ridiculous
lqmjdky,chelseafc,1fxilfi,0.9,He and Sels were amazing today
lqmjhpq,chelseafc,1fxilfi,0.9,Literally could not believe some of the saves he made today. What a performance to save us from embarrassment
lqmjlpa,chelseafc,1fxilfi,-0.5,Brighton fans will never successfully gaslight me into thinking he‚Äôs a bad goalie
lqmji22,chelseafc,1fxilfi,0.6,He would be man of the match if Forest‚Äôs keeper wasn‚Äôt immense
lqml6p9,chelseafc,1fxilfi,0.2,Today is a GK show with 20 supporting actors
lqmjuoc,chelseafc,1fxilfi,1,"That save on the first Neco Williams shot is one of the best saves I‚Äôve ever seen. Phenomenal goalkeeping, reads the attacker and reacts extraordinarily. I still don‚Äôt understand how that ball didn‚Äôt reach the back of the net."
lqmnam2,chelseafc,1fxilfi,0,https://preview.redd.it/0k1mjshxm5td1.png?width=471&format=png&auto=webp&s=5ea77edd31c6091c94bd000f88279e1064a56a5a
lqmjh4v,chelseafc,1fxilfi,0.9,Both keepers were immense today
lqhfi1v,Gunners,1fwv5q3,0.5,Really feel for him.. We shouldn‚Äôt forget that he was part of the team that dragged us out the trenches
lqheho4,Gunners,1fwv5q3,0.9,"Once a gooner, always a gooner ‚ô•Ô∏è‚ô•Ô∏è"
lqhkwoz,Gunners,1fwv5q3,0.9,It was great seeing Arsenal player after player greeting Ramsdale warmly in the tunnel before going out
lqhijxw,Gunners,1fwv5q3,0.9,Cheers Rambo. You will always be welcome at the Emirates.
lqhlcq9,Gunners,1fwv5q3,1,"Respect to him spotted 2 kids with his name and got em over to sign their shirts. 

Super class Rambo!!!"
lqhgd71,Gunners,1fwv5q3,0,![gif](giphy|kaBU6pgv0OsPHz2yxy|downsized)
lqhhjnu,Gunners,1fwv5q3,1,Love Ramsdale
lqhhn6e,Gunners,1fwv5q3,0.9,We'll always love you Rammers
lqhsm9q,Gunners,1fwv5q3,1,Player who were part of the team which got us out of those dreadful days will always have a special place in my heart. And Ramsdale is one of them. ‚ô•Ô∏è‚ô•Ô∏è‚ô•Ô∏è
lqhhum8,Gunners,1fwv5q3,1,Love this guy and was gutted for him.
ls7z5as,Gunners,1g537ub,0.2,"*It‚Äôs toasted*

https://i.redd.it/ws9c7sw4a5vd1.gif"
ls80d1w,Gunners,1g537ub,0,![gif](giphy|xT1R9REkSiimHh1vCE|downsized)
ls80lq5,Gunners,1g537ub,-0.5,I respect the dedication to stick to smoking üò≠üò≠üò≠
ls81ynt,Gunners,1g537ub,0.5,Cracks me up how he's just come out of retirement and doesn't give a shit
ls84rgw,Gunners,1g537ub,0.5,Fun fact: 19 year old Woj was named Brentford‚Äôs goalkeeper of the decade after his season long loan in 2009.
ls83z49,Gunners,1g537ub,0.2,Is this real? üòÄ
ls7zyi9,Gunners,1g537ub,0,![gif](giphy|l8aCBaBuz5R6M|downsized)
ls82uly,Gunners,1g537ub,-0.5,I never thought I'd be so proud to see someone smoke ü•π
ls83142,Gunners,1g537ub,-0.5,*what are they smoking over there?*
ls842h0,Gunners,1g537ub,-0.5,Smoking that Arshavin winner celebration pack
lqhd7lm,Gunners,1fwuxw2,0.5,I‚Äôve never been more wrong on a transfer. I love him
lqhctiq,Gunners,1fwuxw2,0.9,Absolutely love this lad. His attitude is just top class.
lqhd6sz,Gunners,1fwuxw2,0.5,You can see why Arteta loves him.
lqhdakw,Gunners,1fwuxw2,0.3,If I was a manager‚Ä¶. That shit would rile something up un the deepest part of my soul. Beautiful.
lqhdcam,Gunners,1fwuxw2,0.5,Theres 3 duels in 5 seconds. He won all of them.
lqhdi7i,Gunners,1fwuxw2,0.9,"I remember feeling immense jealousy when Chelsea first signed him, I'm so glad he's playing for us"
lqhd0r4,Gunners,1fwuxw2,0.9,Loved this
lqhe2lf,Gunners,1fwuxw2,0.1,I wonder if Rodri thinks this isn‚Äôt a winning mentality.
lqhe5jc,Gunners,1fwuxw2,1,"Havertz: ‚ÄúBack in the day, I wasn‚Äôt the player who won the duels and everything, but right now I love it.‚Äù

üòç"
lqhfmrq,Gunners,1fwuxw2,0.5,Kai: I didn‚Äôt hear no bell
lsja5sq,Gunners,1g6juki,0.6,"Mikel Arteta, he's done it again."
lsjbxj5,Gunners,1g6juki,-0.5,"She had been complaining about his time wasting, so he just got it over with."
lsja5ty,Gunners,1g6juki,0.6,"It was only a matter of time after officially joining the Arsenal, Artetas done it again"
lsjah8u,Gunners,1g6juki,-0.5,No clean sheets tonight then!
lsjd941,Gunners,1g6juki,0.6,"Marriage FC. I‚Äôm telling you, this is Arteta‚Äôs aim!"
lsja5g7,Gunners,1g6juki,0.5,Post all your 'keeper' jokes here
lsjb2v6,Gunners,1g6juki,1,"Been some start to the season this for raya. Been best gk in the league, back to back clean sheets for Spain, now this. Brother must be mentally on cloud 9. Happy for him"
lsja5ij,Gunners,1g6juki,0.5,"well, he is a keeper after all"
lsjcd84,Gunners,1g6juki,0.5,Another good catch by Raya.
lsj9ibf,Gunners,1g6juki,-0.5,Welcome to the wife swapping league.
lpu5ust,Gunners,1ftsw91,0.9,"Cannot argue with his thought process here. He's at a club that want him, are playing him to his strengths, shown belief in him, and the result is a happy footballer doing incredible things at the club."
lpu5yhn,Gunners,1ftsw91,0.5,Think Kai would become a cult hero for us
lpu88qu,Gunners,1ftsw91,0,![gif](giphy|3o7TKF1fSIs1R19B8k|downsized)
lpu5j4u,Gunners,1ftsw91,-0.6,He hates Chelseaaaaaa
lpu690t,Gunners,1ftsw91,-0.5,"In today's episode of ""Say you hate Chelsea without saying you hate Chelsea"""
lpu5qdh,Gunners,1ftsw91,-0.5,Fuck Chelsea! My man.
lpua4ve,Gunners,1ftsw91,-0.6,My head would be gone if an ex player said this about us. The hatred required to come out with this unprovoked lmao
lpu5zkf,Gunners,1ftsw91,0.5,My glorious King Kai
lpu5y6z,Gunners,1ftsw91,0.9,I love our BFG 2.0 ‚ù§Ô∏è
lpu91y7,Gunners,1ftsw91,-0.5,Kai Havertz: *hates Chelsea*
lpiykqa,coys,1fsafhc,0.2,Richy gonna get this tattooed on his back
lpizm81,coys,1fsafhc,-0.5,Everyone on the team must shut down their social media now.
lpixc8h,coys,1fsafhc,0.5,r/blursedimages
lpixkd7,coys,1fsafhc,0.4,Brennaldo era has begun
lpj2937,coys,1fsafhc,0,Brennaldo
lpj86qz,coys,1fsafhc,0.2,He's been good ever since he joined. Criticisms has been uncalled for
lpixr6q,coys,1fsafhc,0.2,"First meme that I've ever liked.




I expect this thread will be deleted."
lpixea7,coys,1fsafhc,0.5,We could all learn from him lol
lpiyskj,coys,1fsafhc,0,Ronaldo Brennazario
lpj2ofg,coys,1fsafhc,0,Brenaldo
ltkpe6e,coys,1gbcqtj,0.9,"Great leadership in that moment, making the team bigger than himself."
ltkq88v,coys,1gbcqtj,0.9,"Good from Madders, richy needs that confidence. It‚Äôs even great from madders to put team before anything. Respect."
ltkt1af,coys,1gbcqtj,-0.5,At least this didn‚Äôt turn into the Chelsea situationü§Æü§Æü§Æ
ltkq3aa,coys,1gbcqtj,0.6,Felt the captain‚Äôs armband on his shoulder and decided to be the bigger man
ltkscur,coys,1gbcqtj,0.2,"Richarlison used ""insist""."
ltkszei,coys,1gbcqtj,0.9,"We‚Äôre so lucky to have so many capable and strong onfield leaders.

Son, Romero, Maddison, vicario, Davies, kulu are all wonderful"
ltkyrxf,coys,1gbcqtj,0.9,"the tug on his armband to me says ‚Äúwhat would a leader do in this situation‚Äù

a leader would look out for his guy as best he could after he‚Äôs been down a hard road, and that‚Äôs what he did. guys first start back, he‚Äôs been working hard. get him on the scoresheet. 

did it jeopardize the W? maybe. did it reinforce what‚Äôs been building in N17 since last season? absolutely. 

cheers to the vice-captain, and welcome back pombo. 

COYS"
ltkquw4,coys,1gbcqtj,0.8,Small gesture with a huge meaning.
ltksd8e,coys,1gbcqtj,0.5,I'm kind of surprised that people are assuming Richy took the ball off Maddison originally and not the other way around. I don't think Maddison would've been designated the taker over Richy really.
ltkteel,coys,1gbcqtj,0.9,This is actually really impressive
lpn1xwq,coys,1fsu00a,0.25,"Madders is very present on social media. Would not surprise me if he had a Reddit account.

Defo hypes himself up in the DD thread the day after a game (jk love you Jimmy)"
lpn0mpf,coys,1fsu00a,0.1,Who knows? Maybe ***you*** are Maddison ü§®ü§®ü§®ü§®
lpn2bkc,coys,1fsu00a,0.7,The best part is you know he showed this to Brennan. I was worried that this masterpiece would never reach his eyes
lpn0y1m,coys,1fsu00a,0.3,Madders if you‚Äôre reading this give us a r/coys celebration when you score against Brighton next week
lpn29k4,coys,1fsu00a,0.4,"Hey guys, madders here."
lpn4z0w,coys,1fsu00a,0.1,It's probably on Twitter as well tbf
lpn1bsk,coys,1fsu00a,0,We‚Äôre all madders
lpn7et3,coys,1fsu00a,-0.5,Madders please don't read the match threads
lpn4uif,coys,1fsu00a,0.5,Davies is 100% a redditor
lpnagd0,coys,1fsu00a,-1,"Hey it's Madders here using my secret reddit account, can you send me ¬£100 for a new pair of boots so I can play against Brighton?
I got Sonny here with me as proof.
Sonny: ÎÇòÎ•º Î¥ê, Ïù¥Ï†ú ÎÇ¥Í∞Ä ÏÑ†Ïû•Ïù¥Ïïº"
lu0xjj3,coys,1gde8v6,-0.6,Tough to swallow when you see those boys walking around with 3 minutes left. No urgency whatsoever.
lu0xpvt,coys,1gde8v6,-0.9,That game was gross. Sloppy in possession. No real attacking ideas. Bunch of long balls that were low quality. Terrible effort and got the 0 points they deserved.
lu0xlpj,coys,1gde8v6,-0.7,Went from my most anticipated game of the season to the most frustrating game of the season
lu0yrmt,coys,1gde8v6,-0.9,"Nobody fucking tried today. They just jogged around for 90 fucking minutes to collect their 100k for the week.

If they don't fucking try, if they don't care about the badge then why the fuck do I bother watching them?"
lu0xj30,coys,1gde8v6,-0.9,Too many losses.....wayyyy too many losses
lu0xngl,coys,1gde8v6,-0.9,That was abysmal
lu0xkk4,coys,1gde8v6,-0.6,What‚Äôs with Romero looking so passive this season man - a lot more in that game going wrong than just one player but he just seems off
lu0xqst,coys,1gde8v6,-0.6,Dr Tottenham. 4 wins and 4 losses should be unacceptable. Beating AZ level teams in between should not be enough to cover up these Pl performances.
lu0xvov,coys,1gde8v6,-0.9,Everyone looked disinterested. Some of the worst passing and first touches I‚Äôve seen from this squad.
lu0y353,coys,1gde8v6,-0.6,Sadly we're a mid table team who is nice to watch as a neutral but ultimately pointless.
ltuaxir,coys,1gck1v2,0.75,The fake head scratch is hilarious
ltuc8mh,coys,1gck1v2,-0.9,Trying to be annoying as fuck to make sure he's not benched ever again.
ltuchln,coys,1gck1v2,0.6,"I absolutely love Vic.  He's so intense, and crazy, and committed, and *hilarious*.  I was worried I'd be devastated forever when we lost Hugo... but fortunately Vic brings the endless entertainment and infectious vibes.  Surely he cracks everyone at the club up."
ltub48j,coys,1gck1v2,-0.1,Me at the bar signalling I want another beer and then my wife turns around.
ltuc789,coys,1gck1v2,0.5,Googley Elmo is a fucking one off. So good to have a quirky keeper. Really seems to add to the whole teams charisma.
ltubgza,coys,1gck1v2,0.5,Vic is a 12 year old in a 28 year old body and you cannot convince me otherwise üòÇ
ltugckp,coys,1gck1v2,0.9,This tells me that Ange has full command and respect of the players.
ltububd,coys,1gck1v2,0.6,I see a Manager career for him when he retires
ltuc6zw,coys,1gck1v2,1,"bro i love this team so much hselekwodjeoddn i don‚Äôt think I‚Äôve liked a group of players as much as I‚Äôve liked these boys 

Not a single person on the team that I wouldn‚Äôt want to invite to dinner; Ange really has taken the whole personality in the dressing room thing seriously hasn‚Äôt he?"
ltuo2rn,coys,1gck1v2,0.85,Him giving detailed instructions to Kulusevski before he was brought on was great
lu8xcpt,MCFC,1gee3zc,0.7,I never thought I would live to see a city player win the Ballon D‚Äôor
lu8xlwl,MCFC,1gee3zc,0.7,The first ever Man City player to win a Ballon D‚Äôor üò≠üò≠üò≠üò≠
lu8x8n1,MCFC,1gee3zc,0.9,LET‚ÄòS GOOOOOOOOOOOOOOOO
lu8xrtz,MCFC,1gee3zc,-0.5,"Of all the incredible players we've had over the last fifteen years, it's a DM who wins the balloon. Well deserved, but kinda crazy. Aguero, Silva, De Bruyne, not good enough."
lu8xf59,MCFC,1gee3zc,1,YESSSSSS WE FINALLY DID IT MANCHESTER CITY. RODRIIIIIIIII.
lu8xe8t,MCFC,1gee3zc,0,Take it to CAS Madrid
lu8x8vy,MCFC,1gee3zc,0.75,Congratulations Rodri.
lu8xbpq,MCFC,1gee3zc,0.5,that's my goat
lu8xaio,MCFC,1gee3zc,0.5,who else has tears in their eyes right now
lu8xw8e,MCFC,1gee3zc,0.5,The club's gone up a level this year. This will mean more than a trophy for the club in terms of stature.
lt1dfw4,MCFC,1g8vhd9,-0.5,"Ono 6 foot keeper got bodied by ""Bernardo Silva""ü§£"
lt1i30e,MCFC,1g8vhd9,0,https://preview.redd.it/pzir3ev5f5wd1.jpeg?width=1035&format=pjpg&auto=webp&s=63471199aa5e514ccce290ec406e3932665fe646
lt1jd5o,MCFC,1g8vhd9,-0.5,Tell ‚Äòem to cry on our silverware to keep it clean
lt1ki20,MCFC,1g8vhd9,0.7,You should post this in the r/soccer subreddit as well. üòÇüòÇ
lt1vxv9,MCFC,1g8vhd9,-0.6,"Shithouse team. White, Gabriel and Saliba manhandle players constantly and nothing happens. 

Anyone bleating about this goal needs to look up the definition of infringement. Not offside when the corner is played and disengages before Stones heads it."
lt1qvtt,MCFC,1g8vhd9,-0.9,"Arsenal fans have always been gobshites who want to be the moral guardians of sport but always been a bunch of dirty cunts on the pitch ""oh we're the arsenal and we have a marble entrance and our captain decides the length of shirt sleeves, aren't we special"""
lt2612i,MCFC,1g8vhd9,0.7,"Gooner all-encompassing strategy on right corners:

1) Saka bend towards the far post
2) everyone rush the goal/goalkeeper
3) inexplicably never get called for interference 

Genius."
lt2d8a1,MCFC,1g8vhd9,-0.9,"They‚Äôve quickly become the most intolerable fan base. Was United and Chelsea, but the constant bottling has made them deranged and insufferable"
lt1hmyd,MCFC,1g8vhd9,-0.9,"Arsenal, logic, something's not right about those 2 words being used in the same sentence"
lt1ru1r,MCFC,1g8vhd9,-0.9,Don't you love how everything in the Prem is being rigged on behalf of City? Since we're such noted Premier League darlings and all.
ltxc7ko,MCFC,1gcxbz1,0.2,(In the prem). But still a mad stat.
ltyb2sy,MCFC,1gcxbz1,-0.5,"Epic levels of petty here

https://preview.redd.it/17vvph9aq7xd1.jpeg?width=1079&format=pjpg&auto=webp&s=f35f4109388245451ac7128ea84b10e1cc3a824d"
ltyj7do,MCFC,1gcxbz1,-0.5,"Don't tell r/soccer that they flip flop more than Puma slides

https://preview.redd.it/dmuauu5r08xd1.png?width=1079&format=pjpg&auto=webp&s=1ca131c755a39c39afe523be2fc182b86f3a3e81"
ltxehet,MCFC,1gcxbz1,0.6,"That was an entertaining game of football. Barca's high defensive line is insane. They are playing with fire. I think if Erling was in that position that Kylian was he would've scored few goals easily. 
Pe√±a made two huge saves too."
ltxm83o,MCFC,1gcxbz1,-0.5,All the Haaland vs Mbappe talk has went very quiet
ltxd76d,MCFC,1gcxbz1,0.4,What app do you use for these?
ltxvpcu,MCFC,1gcxbz1,0.2,At this level that is appalling! Gabriel Mbappe Jesus üòÇ
ltz0x3q,MCFC,1gcxbz1,-0.75,Absolutely love seeing RM get shithoused at home.
lty5alm,MCFC,1gcxbz1,0.1,We are not the same meme fits here.
ltyot8a,MCFC,1gcxbz1,-0.6,Mbappe is used to the French league. It‚Äôs something different than the quality of Barcelona. He‚Äôs going to have to learn that it‚Äôs not enough anymore just being Mbappe
lsunmv8,MCFC,1g80lzb,0.5,"Clutch defender ‚úÖÔ∏è

International ‚úÖÔ∏è

Injury Prone ‚úÖÔ∏è


Statue in progress."
lsum0xw,MCFC,1g80lzb,0.25,r/soccer having a meltdown over a perfectly valid goal lmao
lsulusq,MCFC,1g80lzb,0,JHONNNY JJONNYY STONESSSS
lsumei9,MCFC,1g80lzb,0,Barnsley Beckenbauer
lsum6ny,MCFC,1g80lzb,0.5,"Johnny ""Clutch"" Mother Fucking Stonezzzz"
lsuoek6,MCFC,1g80lzb,0,John Boulders
lsunmu8,MCFC,1g80lzb,-0.5,"üé∂JOHNNY JOHNNY STONESüé∂
üé∂JOHNNY JOHNNY STONESüé∂ü©µ
Please do us a favour Chelsea and my weekend is complete"
lsuqbcd,MCFC,1g80lzb,0.2,JOHNNY BOULDERS
lsuoz8y,MCFC,1g80lzb,0.2,"https://preview.redd.it/jm6yjg4fhxvd1.jpeg?width=720&format=pjpg&auto=webp&s=4eddf7285d8b2ed3feb238613a66e9029de6ca9a

Every r/soccer City hater"
lsv3tfl,MCFC,1g80lzb,0.1,"Call him the sex panther 

60% of the time, he works every time"
ltka2oc,MCFC,1gbanv7,0.5,People thought Bernardo was being terrorized by his teammates in his first years; little did we know he's the one terrorizing everyone. R√∫ben dreads those interviews with Bernardo because he knows he always gets cooked.
ltk8tx9,MCFC,1gbanv7,0.6,"Bernardo is a total chaos gremlin & I adore him for it, but guaranteed I‚Äôd hate his guts if he played for any other Prem team. What a wind up he is üòÅ"
ltkeopx,MCFC,1gbanv7,-0.5,His teammates bully him because he is a bullyüòÇ
ltkbwy2,MCFC,1gbanv7,0.9,"I‚Äôve seen enough, Bernardo needs a statue or something named after him"
ltk88dx,MCFC,1gbanv7,0.5,Bernardo üòÇ
ltkhntl,MCFC,1gbanv7,0.1,"Brutal.

My dude might get bullied by his teammates IRL but he's a straight monster troll on the screens"
ltkfr04,MCFC,1gbanv7,0.2,Our bully üêê
ltkakqi,MCFC,1gbanv7,0.2,Bernardo definitely reddits.
ltki6dx,MCFC,1gbanv7,0.25,"Bernardo hobbit sized but don‚Äôt let that fool you, he‚Äôs the biggest bully on the roster. I love it"
ltkc8xp,MCFC,1gbanv7,-0.5,My king ü§°
lqi81fc,Everton,1fwxy9n,-0.5,Everton‚Äôs ex Sunderland keeper saves a Newcastle penalty by disgraced Everton player. The layers of spite is wonderful
lqi3wvq,Everton,1fwxy9n,0.9,This man deserves a statue. He's almost single handedly kept us from relegation for three seasons.
lqiazlr,Everton,1fwxy9n,0.5,Let‚Äôs hear it for the water bottle!
lqib7z7,Everton,1fwxy9n,0.9,Totally behind this! Best keeper in England!
lqidbin,Everton,1fwxy9n,0.75,"Pickford may not be the best player in Everton history, but I think you can make a serious case that he's the most important player ever. He's absolutely been the difference between staying up and relegation/likely financial oblivion."
lqigshw,Everton,1fwxy9n,0.9,"Just got back from the game, thought garner was quality tonight, even young and Keane played well"
lqi61f7,Everton,1fwxy9n,0.3,"Glad he had a good game today, ngl, had my doubts about his performance this season so far"
lqicl31,Everton,1fwxy9n,-0.5,Yea a point keeps us moving so I'm happy but fuckin hell that miss after the foul on DCL and Doucoure not being able to stay onside hurts.
lqiqjji,Everton,1fwxy9n,0.6,We would‚Äôve been miserable fucks for the past three years without him. Build this man a statue at Bramley Moore.
lqkcqgc,Everton,1fwxy9n,-0.6,"Pickford, plus Nidaye's clearance off the line. Nidaye made the same clearance off the line last week against Crystal Palace when we were 1-0 down. Nidaye looked really good when he'd get on the ball today, but he was always isolated and had no one to back him up. Could have done with Tim Iroegbunam in the middle of the pitch next to Mangala instead of Doucoure and also have Nidaye just in front of them instead of wasted out wide. It's almost like if you're a good footballer, Dyche just doesn't know what to do with you, like Onana. Dyche will only end up ruining the likes of Iroegbunam, Mangala and Nidaye. Hopefully the new owner's first task when he comes in is to replace the manager."
ltw60de,Everton,1gcs5me,0.85,"I know a ton of people don't rate him, but I'd much rather have players like this around the club than blas√© people looking for a step up or a payday. That attitude is contagious."
ltw4ucf,Everton,1gcs5me,0,ü•π
ltwb7we,Everton,1gcs5me,-0.8,Watching DCL lose a header and then jog after the second ball compared to the work Beto was putting in was like night and day
ltwdgs8,Everton,1gcs5me,0.4,"While he still runs like a newly anesthetized baby moose, I will always love me some Beto!"
ltwg75i,Everton,1gcs5me,0.6,"I've only seen good things about Beto off-pitch, he seems like a great guy"
ltx5jh6,Everton,1gcs5me,0.8,"Don't think I've ever been more desperate for a striker to succeed at Everton.

You can tell it means so much to him whenever he scores and Goodison starts singing his name."
ltwqnrj,Everton,1gcs5me,0.5,They could never make me hate you
ltw7cbi,Everton,1gcs5me,0.5,DCL look at this man. Beto deserves a start now surely
ltw9az2,Everton,1gcs5me,0.5,Gotta love the guy for who he is not how good he is..ole beto!
ltza6vi,Everton,1gcs5me,0.2,"Dominic Calvert-Lewin: 9 appearances, 2 goals, 1 assist, 767 total minutes this season in the Premier League 

Beto: 5 appearances, 1 goal, 52 total minutes in the Premier League. 

Really wouldn't kill Everton to let him start a few games."
lspcwmk,Everton,1g7arho,0.25,It‚Äôs not a meme!!
lsp2s3l,Everton,1g7arho,0.7,Now is my time!
lsozw4h,Everton,1g7arho,0.2,If only he didn‚Äôt have the pace of a snail‚Ä¶that finish tho üòÆ‚Äçüí®
lsozruv,Everton,1g7arho,0.1,Swap keane with dom‚Ä¶.
lspazo1,Everton,1g7arho,0,He scores either way...
lss8s3v,Everton,1g7arho,-0.5,Go with the Sean Dyche classic of 442 with DCL and Keane up front for a laugh innit.
lspesmr,Everton,1g7arho,-0.5,He‚Äôs always had an really good finish it‚Äôs mind bottling
lspskz5,Everton,1g7arho,0.5,Hes been comfortably better defensively than Tarkowski this season.
lspqwr7,Everton,1g7arho,0.3,Michael Keane is a centre back who's very good at finishing. He's not a striker
lsqjhiy,Everton,1g7arho,-0.3,We don't play well without dom he keeps the shape
lq6thqg,Everton,1fvfc14,-0.9,If it‚Äôs not too much to ask‚Ä¶ just need a little park with a pond and a massive pile of putrid shit across from her
lq76g6v,Everton,1fvfc14,0.5,Better start on the Bramley Moore mate...
lqa5yx8,Everton,1fvfc14,-0.5,Now build the hot wok lad
lq6oh24,Everton,1fvfc14,0.5,I appreciate this
lq7r4mg,Everton,1fvfc14,0.9,"I salute you, Sir."
lq9d7ht,Everton,1fvfc14,0.9,"Love it, looks amazing"
lq9mwwx,Everton,1fvfc14,0.9,Must have taken hours. Great effort and really good.
lq9unww,Everton,1fvfc14,-0.5,"Bet that took ages mate, well done! 

Guess you were able to skip building the trophy cabinet though to be fair."
lq9xrtu,Everton,1fvfc14,0.8,Ace
lqa64hr,Everton,1fvfc14,-0.5,Where‚Äôs all the booing fans?
ltw24wy,Everton,1gcrs8s,0.9,Listening to his post match interview just makes me love him more. You can just hear his passion. I feel bad that he barely gets a look.
ltw4jpt,Everton,1gcrs8s,0.2,"Against lower teams and the highest teams I think Dom is a better player for the systems we face.

Against mid level clubs I like what chaos Beto brings to the games."
ltw1vk7,Everton,1gcrs8s,-0.5,He should definitely start over DCL
ltw36ns,Everton,1gcrs8s,-0.5,"Dcl has good overall play but he‚Äôs missed 3 or 4 clean through chances recently so might be best to make the change. Really should be winning games like today, we will soon run out of winnable games if not careful"
ltwn6la,Everton,1gcrs8s,0.9,"Say what you want but this is great for the team. Guys fighting for their place in the squad and the 11 and making the most of their chances.

Very very good for morale and overall competition."
ltxl4gs,Everton,1gcrs8s,1,"First of all, bravo to the OP: this is one of the best headlines I‚Äôve ever read üòäüëèüèº 

I‚Äôm happy for Beto as his passion has won me over like it has others, and I feel bad for him that Dyche has been stubborn with his system instead of experimenting to make the most of Beto, even if DCL is better overall. Now, if only we could pair Beto‚Äôs passion with Dom‚Äôs overall game, we‚Äôd have a world-beater üòùü§ûüèº"
lu4pf72,Everton,1gcrs8s,-0.6,He is so under rated while DCL is so overrated. Dyche is afraid to make bold calls.
ltxpwu0,Everton,1gcrs8s,0.6,Long Live the King!
ltzm8fg,Everton,1gcrs8s,0.5,Would like us to find a way to play two up front with Beto & DCL. Think Keane being up front with Beto helped give their defence something else to think about but when DCL was up front alone he had two defenders on him all the time
lu09wlm,Everton,1gcrs8s,0.3,"I love Beto, but I don't think he has earned the starting spot. He is a fine super sub and a chaos agent against tired defenses. And he has the height to score goals like this one. But just watch him play - he puts in a ton of effort, but his fundamentals aren't there. He misses a lot of easy passes and his control is not good enough to play hold up. He is great to throw on exactly like Dyche did today against a tired team. He ran a ton, and his chaotic challenges and erratic movement actually seemed to work in our favor. He seems unpredictable to play against. Good on him and I hope he continues to make an impact off the bench, but Dom is so much more polished and it's clear. He'll get back into form, he played fine today"
lqeurpp,NUFC,1fwhc94,0.5,"I used to work a Singaporean guy who was an absolutely nuts Newcastle fan. He said it was originally because they went on tour there under Keegan and he‚Äôs been a fan ever since. Once he found out I was a Newcastle fan that was that, reeling off stats about Paul Dummett and comparing him to players from the 80s who I‚Äôd never even heard of"
lqf9ukx,NUFC,1fwhc94,0.7,"Had a stayover in Singapore about 15 years ago. Taxi driver from the airport to the hotel asked me where I was from - told him the toon. His response:

'Oh! Shearer! Ginola! Ferdinand! DARREN PEACOCK!'"
lqeooq1,NUFC,1fwhc94,0.5,HELLO! Fellow sinkie here!
lqen0gl,NUFC,1fwhc94,1,Glad to see more international fans! Fan from Canada
lqf0fsm,NUFC,1fwhc94,0.6,Great to see! When I was living in Singapore I was at my local hawker and uncle cleaning up dishes was in a 15/16 away kit of all things. Was a breath of fresh air over the sea of Liverpool/Man U strips you usually see.
lqf2hb3,NUFC,1fwhc94,1,What a beautiful family
lqf3fa5,NUFC,1fwhc94,0.5,Reporting in
lqhvnjp,NUFC,1fwhc94,0.2,How‚Äôd you get Almiron to pose between you for the photo though?
lqfo8tj,NUFC,1fwhc94,0.6,Looking good! What's with the full stop on the Ivan shirt?
lqfplp5,NUFC,1fwhc94,0,Lai Lai fall in
lpk6kik,NUFC,1fsfe7b,0.5,Minny Almiron
lpkikjk,NUFC,1fsfe7b,0.4,"Newcastle jersey in the bag??

Edit: he's signing in January innit"
lpk3s2f,NUFC,1fsfe7b,-0.5,Fucking chocked ü§£
lpk4nnj,NUFC,1fsfe7b,-0.6,"Fuckmeded. Haaland, you're on like 375k a week. Buy some decent headphones, mate..."
lpk9pii,NUFC,1fsfe7b,-0.5,Looks like he‚Äôs going to eat him what‚Äôs up with that face üò≠
lpk58n4,NUFC,1fsfe7b,0.2,Hah!
lpkde80,NUFC,1fsfe7b,0.5,How tall is that fella in the background? Or is it just weird perspective?
lpp06ey,NUFC,1fsfe7b,0.5,Haaland almost looking like Aphex Twin.
lpq94ig,NUFC,1fsfe7b,0.2,MiggySmalls ü§£
lpqqxth,NUFC,1fsfe7b,-0.25,Haaland looks like evil majin buu ü§£ü§£
lpvl972,NUFC,1ftzag8,0.5,"They got 15k donation from the club and they will get 45% from the gate tonight, I don't think they sell out another ground of our size in the country, they couldn't have got a better draw."
lpvwnjv,NUFC,1ftzag8,-0.7,"I know we go on about being an unlucky lot, but these are supporters who have lost their club to greed, have had their pitch destroyed by a flood, and live 10
miles from Millwall."
lpvxf22,NUFC,1ftzag8,0.5,"They were class tonight. At one point they were giving it ""Sit down if you shag your mum"", which finally got a response out of us lot (i've never heard SJP crowd so quiet)... ""Stand UP if you love the toon"", to which the Wombles applauded warmly."
lpy4aua,NUFC,1ftzag8,1,It‚Äôs nice to see such things despite teams being opponents we have to remember we are all fans of football itself
lpykv6d,NUFC,1ftzag8,0.75,"If the attendance was 51,000 and the ticket price was ¬£20, then Wimbledon would receive ¬£459,000 from the gate receipts.

That's a good chunk for a L2 team."
lpz2dnj,NUFC,1ftzag8,-0.6,Rinsed us with their chants mind.
lpvxrqf,NUFC,1ftzag8,-0.7,"As I was leaving the studio I could have sworn they were singing

Premier League


You‚Äôre fucking shite


You fucked it up


On a Tuesday night

Despite us beating them, aye the performance wasn‚Äôt great but still"
lpvoa82,NUFC,1ftzag8,0.6,Plus we‚Äôre so charitable that we only scored one against them
lpw1mnm,NUFC,1ftzag8,-0.5,I died at the last line.
lpxj9ne,NUFC,1ftzag8,0.75,God bless
lrqdu0y,NUFC,1g2rlcn,-0.9,Sunlun get battered...
lrq8vnw,NUFC,1g2rlcn,0.6,Lads and lasses do the double on those lot. Get in!
lrrunhm,NUFC,1g2rlcn,0.3,Stadium of light work
lrrv6gu,NUFC,1g2rlcn,0.6,17k I saw at one point watching on YouTube. Great turnout
lrqc3x7,NUFC,1g2rlcn,0.5,Mullered em
lrqf0bb,NUFC,1g2rlcn,-0.5,Stadium of Lights always an easy away win like
lrqtvxl,NUFC,1g2rlcn,0.2,Get in Lasses ‚ö´Ô∏è‚ö™Ô∏è
lrram1a,NUFC,1g2rlcn,0.5,Highlights anywhere to watch?
lrujnnn,NUFC,1g2rlcn,0.9,Was there yesterday and Newcastle fans did their team proud. Fantastic noise for their team while Sunderland fans were very quiet.
lrsdy6o,NUFC,1g2rlcn,1,"The attendance at the match was 15,387 which set the record attendance for the Barclays Women‚Äôs Championship.  In all reality we might sell out the return fixture.  It‚Äôs fantastic!"
lt6xafu,NUFC,1g9lv3o,0.6,Hopefully this being sorted is a weight off his mind and a catalyst for him to kick in after a poor start by his standards.
lt6xn2l,NUFC,1g9lv3o,0.9,"Great news, hopefully it helps him settle down a bit and we can get the Gordon of last season back."
lt6xx6m,NUFC,1g9lv3o,0.5,[club website](https://www.newcastleunited.com/en/news/anthony-gordon-signs-new-long-term-contract)
lt8fp42,NUFC,1g9lv3o,0.9,As a newer fan I have been debating which player's shirt I wanted. Gordon it is. Sending winning vibes from the States üçª
lt73nxz,NUFC,1g9lv3o,0.5,I wonder if there is a release clause? I hope not Gordon is unapologetically ambitious and him signing without one would be a super positive signal about the direction of the club
lt7esc5,NUFC,1g9lv3o,0.2,"Isak next, please,"
lt70aav,NUFC,1g9lv3o,0.8,Great news.
lt74hdg,NUFC,1g9lv3o,0.7,Very interesting background for his interview
lt75nxv,NUFC,1g9lv3o,0.9,Ahhh finally some good news!!
lt761js,NUFC,1g9lv3o,0.5,he talks about meeting the girl who is sick in his interview - that was done a few weeks ago right? So presumably this contract has been in place for some time..?
